{
  "1": {
    "a": 1289,
    "b": 29,
    "c": 18563,
    "result": "нет действительных корней"
  },
  "2": {
    "a": 69,
    "b": 1847,
    "c": 3983,
    "result": [
      "(-2.3655113295414374+0j)",
      "(-24.40260461248755+0j)"
    ]
  },
  "3": {
    "a": 18,
    "b": 47928,
    "c": 9,
    "result": [
      "(-0.00018778168568031915+0j)",
      "(-2662.666478884981+0j)"
    ]
  },
  "4": {
    "a": 13,
    "b": 97,
    "c": 828,
    "result": "нет действительных корней"
  },
  "5": {
    "a": 8,
    "b": 61667,
    "c": 4,
    "result": [
      "(-6.486451457021758e-05+0j)",
      "(-7708.374935135485+0j)"
    ]
  },
  "6": {
    "a": 35,
    "b": 952,
    "c": 26274,
    "result": "нет действительных корней"
  },
  "7": {
    "a": 17,
    "b": 69726,
    "c": 88135,
    "result": [
      "(-1.2644089494574207+0j)",
      "(-4100.265002815248+0j)"
    ]
  },
  "8": {
    "a": 1,
    "b": 628,
    "c": 4899,
    "result": [
      "(-7.900343025347354+0j)",
      "(-620.0996569746526+0j)"
    ]
  },
  "9": {
    "a": 77874,
    "b": 9554,
    "c": 6493,
    "result": "нет действительных корней"
  },
  "10": {
    "a": 39139,
    "b": 684,
    "c": 7215,
    "result": "нет действительных корней"
  },
  "11": {
    "a": 651,
    "b": 66282,
    "c": 93,
    "result": [
      "(-0.00140311519937059+0j)",
      "(-101.8142650875656+0j)"
    ]
  },
  "12": {
    "a": 23,
    "b": 4,
    "c": 547,
    "result": "нет действительных корней"
  },
  "13": {
    "a": 17838,
    "b": 58698,
    "c": 1635,
    "result": [
      "(-0.028094302220869498+0j)",
      "(-3.2625212376378587+0j)"
    ]
  },
  "14": {
    "a": 3,
    "b": 22,
    "c": 2976,
    "result": "нет действительных корней"
  },
  "15": {
    "a": 3687,
    "b": 451,
    "c": 35596,
    "result": "нет действительных корней"
  },
  "16": {
    "a": 36228,
    "b": 95,
    "c": 38738,
    "result": "нет действительных корней"
  },
  "17": {
    "a": 46986,
    "b": 126,
    "c": 13347,
    "result": "нет действительных корней"
  },
  "18": {
    "a": 138,
    "b": 3632,
    "c": 2,
    "result": [
      "(-0.0005506723147361655+0j)",
      "(-26.31828990739541+0j)"
    ]
  },
  "19": {
    "a": 8,
    "b": 8567,
    "c": 24374,
    "result": [
      "(-2.8527026144099636+0j)",
      "(-1068.02229738559+0j)"
    ]
  },
  "20": {
    "a": 5,
    "b": 62325,
    "c": 68,
    "result": [
      "(-0.0010910550496191717+0j)",
      "(-12464.99890894495+0j)"
    ]
  },
  "21": {
    "a": 98,
    "b": 295,
    "c": 1347,
    "result": "нет действительных корней"
  },
  "22": {
    "a": 6,
    "b": 845,
    "c": 33545,
    "result": "нет действительных корней"
  },
  "23": {
    "a": 28351,
    "b": 2636,
    "c": 3,
    "result": [
      "(-0.0011523706138683349+0j)",
      "(-0.09182494941011671+0j)"
    ]
  },
  "24": {
    "a": 86246,
    "b": 76121,
    "c": 3528,
    "result": [
      "(-0.0490760784613705+0j)",
      "(-0.833527172703901+0j)"
    ]
  },
  "25": {
    "a": 8,
    "b": 55668,
    "c": 9,
    "result": [
      "(-0.00016167277817658032+0j)",
      "(-6958.499838327221+0j)"
    ]
  },
  "26": {
    "a": 84,
    "b": 9,
    "c": 66,
    "result": "нет действительных корней"
  },
  "27": {
    "a": 67165,
    "b": 1396,
    "c": 6258,
    "result": "нет действительных корней"
  },
  "28": {
    "a": 85,
    "b": 1294,
    "c": 35151,
    "result": "нет действительных корней"
  },
  "29": {
    "a": 3,
    "b": 95,
    "c": 4613,
    "result": "нет действительных корней"
  },
  "30": {
    "a": 91,
    "b": 4232,
    "c": 69583,
    "result": "нет действительных корней"
  },
  "31": {
    "a": 1758,
    "b": 7744,
    "c": 9,
    "result": [
      "(-0.0011624968697563794+0j)",
      "(-4.403843191412382+0j)"
    ]
  },
  "32": {
    "a": 665,
    "b": 9,
    "c": 14,
    "result": "нет действительных корней"
  },
  "33": {
    "a": 71871,
    "b": 2,
    "c": 3678,
    "result": "нет действительных корней"
  },
  "34": {
    "a": 245,
    "b": 9,
    "c": 11,
    "result": "нет действительных корней"
  },
  "35": {
    "a": 7,
    "b": 6,
    "c": 59,
    "result": "нет действительных корней"
  },
  "36": {
    "a": 34546,
    "b": 9487,
    "c": 279,
    "result": [
      "(-0.03349369109204329+0j)",
      "(-0.2411256570235128+0j)"
    ]
  },
  "37": {
    "a": 29411,
    "b": 4673,
    "c": 39,
    "result": [
      "(-0.008837356244379993+0j)",
      "(-0.15004877479502704+0j)"
    ]
  },
  "38": {
    "a": 7,
    "b": 81,
    "c": 63,
    "result": [
      "(-0.8385444083077738+0j)",
      "(-10.732884163120799+0j)"
    ]
  },
  "39": {
    "a": 5531,
    "b": 69143,
    "c": 7,
    "result": [
      "(-0.0001012402801507914+0j)",
      "(-12.500893154946754+0j)"
    ]
  },
  "40": {
    "a": 65828,
    "b": 4,
    "c": 7,
    "result": "нет действительных корней"
  },
  "41": {
    "a": 69249,
    "b": 492,
    "c": 82236,
    "result": "нет действительных корней"
  },
  "42": {
    "a": 6528,
    "b": 2,
    "c": 132,
    "result": "нет действительных корней"
  },
  "43": {
    "a": 6146,
    "b": 7843,
    "c": 45,
    "result": [
      "(-0.005763632127023759+0j)",
      "(-1.270350913919185+0j)"
    ]
  },
  "44": {
    "a": 621,
    "b": 8789,
    "c": 47,
    "result": [
      "(-0.005349615658066917+0j)",
      "(-14.147629450364477+0j)"
    ]
  },
  "45": {
    "a": 869,
    "b": 1,
    "c": 2387,
    "result": "нет действительных корней"
  },
  "46": {
    "a": 51836,
    "b": 6287,
    "c": 94,
    "result": [
      "(-0.017466984779237985+0j)",
      "(-0.10381937990939541+0j)"
    ]
  },
  "47": {
    "a": 53592,
    "b": 3169,
    "c": 243,
    "result": "нет действительных корней"
  },
  "48": {
    "a": 963,
    "b": 586,
    "c": 18734,
    "result": "нет действительных корней"
  },
  "49": {
    "a": 36,
    "b": 847,
    "c": 56987,
    "result": "нет действительных корней"
  },
  "50": {
    "a": 143,
    "b": 2485,
    "c": 651,
    "result": [
      "(-0.2660448782477205+0j)",
      "(-17.111577499374658+0j)"
    ]
  },
  "51": {
    "a": 6,
    "b": 927,
    "c": 2682,
    "result": [
      "(-2.9495121146570114+0j)",
      "(-151.550487885343+0j)"
    ]
  },
  "52": {
    "a": 8,
    "b": 23,
    "c": 82456,
    "result": "нет действительных корней"
  },
  "53": {
    "a": 8,
    "b": 8,
    "c": 5262,
    "result": "нет действительных корней"
  },
  "54": {
    "a": 61331,
    "b": 365,
    "c": 737,
    "result": "нет действительных корней"
  },
  "55": {
    "a": 94425,
    "b": 9613,
    "c": 7943,
    "result": "нет действительных корней"
  },
  "56": {
    "a": 771,
    "b": 35878,
    "c": 4,
    "result": [
      "(-0.0001114892018357598+0j)",
      "(-46.534259457620465+0j)"
    ]
  },
  "57": {
    "a": 55391,
    "b": 54962,
    "c": 79,
    "result": [
      "(-0.0014394448935758438+0j)",
      "(-0.9908156145926222+0j)"
    ]
  },
  "58": {
    "a": 55619,
    "b": 761,
    "c": 5821,
    "result": "нет действительных корней"
  },
  "59": {
    "a": 3778,
    "b": 6711,
    "c": 2459,
    "result": [
      "(-0.5167258474282101+0j)",
      "(-1.2596108386490794+0j)"
    ]
  },
  "60": {
    "a": 14191,
    "b": 63,
    "c": 8,
    "result": "нет действительных корней"
  },
  "61": {
    "a": 2443,
    "b": 59138,
    "c": 2616,
    "result": [
      "(-0.044316648641181906+0j)",
      "(-24.162805741862297+0j)"
    ]
  },
  "62": {
    "a": 281,
    "b": 2,
    "c": 616,
    "result": "нет действительных корней"
  },
  "63": {
    "a": 832,
    "b": 293,
    "c": 24788,
    "result": "нет действительных корней"
  },
  "64": {
    "a": 749,
    "b": 9944,
    "c": 4,
    "result": [
      "(-0.0004022648029874954+0j)",
      "(-13.275966226518774+0j)"
    ]
  },
  "65": {
    "a": 5,
    "b": 4448,
    "c": 7,
    "result": [
      "(-0.0015737437912321183+0j)",
      "(-889.5984262562088+0j)"
    ]
  },
  "66": {
    "a": 4377,
    "b": 8249,
    "c": 38,